name,link,members
🇧🇷KF🇧🇷-Canal Oficial ®,https://t.me/KF_Canal_Oficial,26767
095BET ｜Canal oficial,https://t.me/BET095COM,6402
119bet.com| Canal Oficial ®,https://t.me/a119bet,180976
144BET |CANAL OFICIAL |,https://t.me/b144bet2,250
15win.vip | Canal Oficial ®,https://t.me/a15win,127721
1991BET.COM｜Canal oficial,https://t.me/bet19911,13236
199win.com| Canal Oficial ®,https://t.me/a199win,177623
23bet.la | Canal Oficial ®,https://t.me/a23betcom,154801
318bet.com| Canal Oficial ®,https://t.me/a318bet,47549
3355bet.net | Canal Oficial ®,https://t.me/a3355bet,137499
361.BET | Canal Oficial ®,https://t.me/www361bet,12687
456BET | Canal Oficial ®,https://t.me/bet456bet,131962
522bet.net | Canal Oficial ®,https://t.me/a522bet,114877
55S.COM Canal Oficial ®🇧🇷,https://t.me/br55scom,16547
59BET.com | Canal Oficial ®,https://t.me/jogos59bet,14372
655bet.net | Canal Oficial ®,https://t.me/a655bet,143198
67bet.cc | Canal Oficial ®,https://t.me/a67bet,140052
6878bet.com| Canal Oficial ®,https://t.me/a6878betgames,5310
70bet.net | Canal Oficial ®,https://t.me/a70bet,146626
74bet.vip | Canal Oficial ®,https://t.me/a74bet,127746
777Clube| Canal Oficial®,https://t.me/+A7rbiYNTOTk2M2E1,96242
811bet.la | Canal Oficial ®,https://t.me/a811bet,151891
81bet.la | Canal Oficial ®,https://t.me/a81bet,145384
922bet.com| Canal Oficial ®,https://t.me/a922bet,179873
939bet.net | Canal Oficial ®,https://t.me/a939bet,149263
ABCBET| Canal Oficial ®,https://t.me/abcbetcom,1510
BAR222.COM Canal Oficial ®🇧🇷,https://t.me/bar222com,10287
Bet03.com | Canal Oficial ®,https://t.me/bet03com,86365
Bet09.com| Canal Oficial ®,https://t.me/bet09com,69802
bet317.net | Canal Oficial ®,https://t.me/bet317Games,58838
bet917.com| Canal Oficial ®,https://t.me/bet917games,37380
Bet969.com,https://t.me/bet969com,57537
BetTigre | Canal Oficial,https://t.me/Bettigreoficial,29408
BLBET.baby | Canal Oficial ®,https://t.me/BLbetcom,38161
BRABET.com | Canal Oficial,https://t.me/BrabetOfficial,83644
BRLBET.pro |Canal Oficial®,https://t.me/BRLBETCOM,33188
BRLBET.pro|Canal Oficial®,https://t.me/AgentesOficiaisDo9FCOM,6786
BRR.BET Official 😍,https://t.me/brrbetOfficial,52435
CafeBet | Canal Oficial ®,https://t.me/cafebetofc,19230
Canal bet.bet Oficial,https://t.me/betpontobetof,6295
EABET | Canal Oficial ®,https://t.me/eabet111,83386
EasyPIX.BET | Promoções e Novidades | Canal Oficial,https://t.me/easypixbet,67
FB.BET,https://t.me/FBbetoficial,41126
KB.BET,https://t.me/kb_bet_0,10451
M9.COM|Promoções e Novidades | Canal Oficial,https://t.me/M9_online,17689
NNBET.NET | Canal Oficial ®🇧🇷,https://t.me/LeaobetOfficial,1434
QMBET.COM | Canal Oficial ®,https://t.me/QMBET888,8568
SSS.bet Canal Oficial ®🇧🇷🇧🇷,https://t.me/SSS9bet,6336
STTbet.com| Canal Oficial ®,https://t.me/STTBETCOM,90524
WIN44 | Canal Oficial ®,https://t.me/+aMKfpl4TjMpkYmFl,169520
https://telemetr.io/en/channels/1334475015-cncjogos,https://t.me/cncjogos,290711
https://telemetr.io/en/channels/1532123422,https://t.me/+g9snfOLSUHhjMTZl,16566
https://telemetr.io/en/channels/1590699531,https://t.me/+7Rsj1ycbGcIwNDI1,20756
https://telemetr.io/en/channels/1601442861,https://t.me/+mlzVACimO6VhMDA0,182557
https://telemetr.io/en/channels/1605756008-bigwimapostas,https://t.me/bigwimapostas,403
https://telemetr.io/en/channels/1610581938,https://t.me/+dgemUfDlelw1OWFk,12828
https://telemetr.io/en/channels/1656325730-oficial9fbetbr,https://t.me/oficial9fbetbr,117353
https://telemetr.io/en/channels/1706474962-bar777bet,https://t.me/bar777bet,14583
https://telemetr.io/en/channels/1718722177-slots777bigwin/,https://t.me/slots777bigwin/,94965
https://telemetr.io/en/channels/1725561647,https://t.me/+8RHAW2fxsSFiYTg1,274539
https://telemetr.io/en/channels/1739785308,https://t.me/+zMcNioFkUYc2Nzll,211914
https://telemetr.io/en/channels/1795247049-tadajogo,https://t.me/tadajogo,38932
https://telemetr.io/en/channels/1806421072-gbgbetofficial,https://t.me/gbgbetofficial,45437
https://telemetr.io/en/channels/1823066302-a333bet,https://t.me/a333bet,407471
https://telemetr.io/en/channels/1837736836-a136bet,https://t.me/a136bet,170012
https://telemetr.io/en/channels/1843153873-bwnbuzz/about,https://t.me/bwnbuzz,12244
https://telemetr.io/en/channels/1901080970-a777br_01,https://t.me/a777br_01,10621
https://telemetr.io/en/channels/1907666028-ijogoagent,https://t.me/ijogoagent,109225
https://telemetr.io/en/channels/1913724751-brazil_sunybet,https://t.me/brazil_sunybet,8114
https://telemetr.io/en/channels/1915580344-fortune_tiger_bonus_de_brasil,https://t.me/fortune_tiger_bonus_de_brasil,3356
https://telemetr.io/en/channels/1916057302,https://t.me/www888wincom,48898
https://telemetr.io/en/channels/1917542085/posts,https://t.me/+ans8fzJd-pEwMjU0,156910
https://telemetr.io/en/channels/1919694222-reicassinoauto,https://t.me/reicassinoauto,1937
https://telemetr.io/en/channels/1919725920-bravg,https://t.me/bravg,13907
https://telemetr.io/en/channels/1920718991-b166bet,https://t.me/b166bet,4268
https://telemetr.io/en/channels/1921812111-ijogojogos,https://t.me/ijogojogos,155466
https://telemetr.io/en/channels/1936458979,https://t.me/+xAd_-iFxnqUwNDI1,186457
https://telemetr.io/en/channels/1937060084,https://t.me/+MuVW-yG9oFc3NzU1,266917
https://telemetr.io/en/channels/1940772828-jogos580com,https://t.me/jogos580com,1140
https://telemetr.io/en/channels/1944847479-b144bet,https://t.me/b144bet,4403
https://telemetr.io/en/channels/1952424020-jiibet0,https://t.me/jiibet0,295
https://telemetr.io/en/channels/1972163890,https://t.me/+r8aNJ-fAU982YzY1,181677
https://telemetr.io/en/channels/1973340446-aaa8bet,https://t.me/aaa8bet,118287
https://telemetr.io/en/channels/1977593554-a166bet,https://t.me/a166bet,326487
https://telemetr.io/en/channels/1988355901-je8bet,https://t.me/je8bet,24406
https://telemetr.io/en/channels/1990866242-fortunedaelisa,https://t.me/fortunedaelisa,30
https://telemetr.io/en/channels/2000624283-lindo777app,https://t.me/lindo777app,1873
https://telemetr.io/en/channels/2016669873-betbbh_com,https://t.me/betbbh_com,91
https://telemetr.io/en/channels/2026944211-a5hbet,https://t.me/a5Hbet,208413
https://telemetr.io/en/channels/2029759558-pgtada777,https://t.me/pgtada777,37525
https://telemetr.io/en/channels/2053132104-NgQUGY8kj182YWQ1,https://t.me/+NgQUGY8kj182YWQ1,59626
https://telemetr.io/en/channels/2053432820-quatroplaybet/,https://t.me/quatroplaybet/,23390
https://telemetr.io/en/channels/2063105698-solts8g,https://t.me/solts8g,21307
https://telemetr.io/en/channels/2081522379-bet4br,https://t.me/bet4br,3538
https://telemetr.io/en/channels/2086074584-EnZ-lpzVoFdiNDE1,https://t.me/+EnZ-lpzVoFdiNDE1,13199
https://telemetr.io/en/channels/2088364479-vbetgame,https://t.me/vbetgame,30157
https://telemetr.io/en/channels/2088636776-RgXo3r9888UzYmY1,https://t.me/+RgXo3r9888UzYmY1,47962
https://telemetr.io/en/channels/2100448982-a7788bet,https://t.me/a7788bet,190187
https://telemetr.io/en/channels/2128595340-oficial_89kbet,https://t.me/oficial_89kbet,26070
https://telemetr.io/en/channels/2129376875-abcjogos,https://t.me/abcjogos,163156
https://telemetr.io/en/channels/2136484173-bet7978,https://t.me/bet7978,5581
https://telemetr.io/en/channels/2138883998,https://t.me/+bMQXanokLGRiZmY1,66648
https://telemetr.io/en/channels/2144470891-JdjZzUXYhuAzM2Y1,https://t.me/+JdjZzUXYhuAzM2Y1,21226
https://telemetr.io/en/channels/2148220708-a755bet,https://t.me/a755bet,123340
https://telemetr.io/en/channels/2156017111-okkjogos,https://t.me/okkjogos,4385
https://telemetr.io/en/channels/2157964103-agente_80game,https://t.me/agente_80game,87723
https://telemetr.io/en/channels/2161027704-www666kbet,https://t.me/www666kbet,31812
https://telemetr.io/en/channels/2166265161-bet10,https://t.me/bet10,217364
https://telemetr.io/en/channels/2173481673-8UzAet_MAu0zMTNl,https://t.me/+8UzAet_MAu0zMTNl,195531
https://telemetr.io/en/channels/2180889492-kkk9bet,https://t.me/kkk9bet,48513
https://telemetr.io/en/channels/2184280355-a5mpg,https://t.me/a5mpg,47837
https://telemetr.io/en/channels/2188926527-luckfawbrasil,https://t.me/luckfawbrasil,1668
https://telemetr.io/en/channels/2190056220-canalstakebrasiloficial,https://t.me/canalstakebrasiloficial,779
https://telemetr.io/en/channels/2207956516-sp6666bet,https://t.me/sp6666bet,4756
https://telemetr.io/en/channels/2226260270-JgQe4IvO6f00Y2Zl,https://t.me/+zzduU6Vbrq4wNzI1,200795
https://telemetr.io/en/channels/2239788513-kkk8bet,https://t.me/kkk8bet,17765
https://telemetr.io/en/channels/2244650339-xP19gMt8gJcwY2U0,https://t.me/+yepIOhK-oBZmZGVk,102773
https://telemetr.io/en/channels/2274514042-brrbetbet,https://t.me/brrbetbet,89
https://telemetr.io/en/channels/2284013713-w1_games01,https://t.me/w1_games01,1244
https://telemetr.io/en/channels/2290616109-br8llcom,https://t.me/br8llcom,26987
https://telemetr.io/en/channels/2321968192-a161bet,https://t.me/a161bet,205293
https://telemetr.io/en/channels/2326203675-bet29com,https://t.me/bet29com,195916
https://telemetr.io/en/channels/2337515030-sgsdfsdfasdg,https://t.me/sgsdfsdfasdg,342
https://telemetr.io/en/channels/2348898749-a850bet,https://t.me/a850bet,162103
https://telemetr.io/en/channels/2406563275-agente_36tcom/,https://t.me/agente_36tcom/,62032
https://telemetr.io/en/channels/2429194124-8qkKrlMSiXozODE1,https://t.me/+uiU8ciw8qBQ5ODI1,140317
https://telemetr.io/en/channels/2430107835-a707bet,https://t.me/a707bet,220116
https://telemetr.io/en/channels/2431694877-a312bet,https://t.me/a312bet,197310
https://telemetr.io/en/channels/2444383370-brazil_big_win_bet/,https://t.me/brazil_big_win_bet/,41775
https://telemetr.io/en/channels/2466773861-FpFj7XPVi-U0OGI1,https://t.me/+FpFj7XPVi-U0OGI1,43541
https://telemetr.io/en/channels/2495616797-a585bet,https://t.me/a585bet,217818
https://telemetr.io/en/channels/2673402008-oficial9fbrbet,https://t.me/oficial9fbrbet,459
https://telemetr.io/en/channels/2721660819-jogo777real_bet,https://t.me/jogo777real_bet,4023
https://telemetr.io/en/channels/2732750383-a766luck,https://t.me/a766luck,1209
https://telemetr.io/en/channels/2812137861-my7officialchannel,https://t.me/my7officialchannel,5354
bravo.bet.br,https://t.me/+_25tPO35t3U5MzIx,13568
f12.bet.br,https://t.me/+0mCyKJqn6sVjNTdh,8326
goldebet.bet.br,https://t.me/+1hI293j-OsxiNTgx,5706
betou.bet.br,https://t.me/+aqwiJy8gfURjNWZh,15637
hiper.bet.br,https://t.me/+DylD4rk1x2g0MjUx,1735
mcgames.bet.br,https://t.me/+fG4SzKxl_FtjMzYx,6058
betfast.bet.br,https://t.me/+G1v2tbNdQ9MxZmFh,7297
9d.bet.br,https://t.me/+gupipxmC_FpjMGY1,77575
brasildasorte.bet.br,https://t.me/+PK9Na1s8Kaw3NDYx,7859
1pra1.bet.br,https://t.me/+r43L1HdNyIw1MWYx,13485
apostatudo.bet.br,https://t.me/+ulZC4cxSwclkMjhh,69604
galera.bet.br,https://t.me/+up-Le2DdPEk1NWQx,77349
bateu.bet.br,https://t.me/+zk36hbLmYWRiNzc5,15170
play.bet.br,https://t.me/aplaybet,1292
aposta1.bet.br,https://t.me/aposta1oficial,9774
apostaganha.bet.br,https://t.me/apostaganhavip,8995
aviao.bet.br,https://t.me/aviaobetoficial,112
bandbet.bet.br,https://t.me/bandbetbroficial,2247
betapp.bet.br,https://t.me/betappbetbr,146035
betdasorte.bet.br,https://t.me/betdasorte,22732
betfusion.bet.br,https://t.me/betfusionoficial,21101
betgorillas.bet.br,https://t.me/betgorillasof,3732
betpix365.bet.br,https://t.me/BetPix365oficial,38569
vera.bet.br,https://t.me/betveracomunidade,72982
big.bet.br,https://t.me/bigbetoficial,4280
br4.bet.br,https://t.me/br4bet,25006
brazino777.bet.br,https://t.me/brazino777betbr,32565
alfa.bet.br,https://t.me/canalalfabetbr,1660
betvip.bet.br,https://t.me/canalbetvip,52270
pix.bet.br,https://t.me/canaldapixbet,36094
rivalo.bet.br,https://t.me/canaldarivalo,209
b1bet.bet.br,https://t.me/canaloficialb1bet,3452
obabet.bet.br,https://t.me/canaloficialobabet,17609
vaidebet.bet.br,https://t.me/canalvaidebetoficial,152320
casadeapostas.bet.br,https://t.me/casadeeapostas,2424
cassino.bet.br,https://t.me/Cassino_bet_br,113074
betsul.bet.br,https://t.me/clubebetsul,2331
7games.bet.br,https://t.me/Comunidade7Games,15358
7k.bet.br,https://t.me/comunidadebet7kofc,125823
brx.bet.br,https://t.me/comunidadebrxbet,26701
reals.bet.br,https://t.me/comunidadereals,50929
donald.bet.br,https://t.me/donaldbetoficial,28806
esporte365.bet.br,https://t.me/esporte365ofc,8
estrelabet.bet.br,https://t.me/estrelabetoficial,81926
faz1.bet.br,https://t.me/faz1betgrupo,1934
fogo777.bet.br,https://t.me/FOGO777,110831
ganhei.bet.br,https://t.me/ganheibet,2209
ginga.bet.br,https://t.me/gingabet_oficial,6136
6r.bet.br,https://t.me/Hot_6Rgames,56979
jogao.bet.br,https://t.me/jogaobet,14494
wjcasino.bet.br,https://t.me/jogoWJ,71198
reidopitaco.bet.br,https://t.me/+2ltGHkzxGiIzODgx,3040
esportiva.bet.br,https://t.me/levanaesportiva,35002
lider.bet.br,https://t.me/liderbet_br,1725
maxima.bet.br,https://t.me/MaximaBetPromo,15380
multi.bet.br,https://t.me/multibet_games,684
p9.bet.br,https://t.me/P9_oficial,110832
pagol.bet.br,https://t.me/PagolBet,21231
4play.bet.br,https://t.me/quatroplaybet,22763
kto.bet.br,https://t.me/KTO_Brasil,3531
lotogreen.bet.br,https://t.me/lotogreenoficial,13749
seu.bet.br,https://t.me/seubet,6090
bullsbet.bet.br,https://t.me/sigabullsbet,74776
sortenabet.bet.br,https://t.me/sortenabetoficial,28363
sporty.bet.br,https://t.me/SportyBetBr,25702
stake.bet.br,https://t.me/StakeBrOficial,7531
ultra.bet.br,https://t.me/ultrabetoficial,12742
1xbet.bet.br,https://t.me/UmXBetBrasil,556
vbet.bet.br,https://t.me/VBet_brasil,17412
vivasorte.bet.br,https://t.me/vivasortebet,1820
